residue_index	residue_name	shape_reactivity
1	G	0
2	A	0
3	U	0
4	G	0.5
5	U	0
6	G	1
7	A	0
8	A	0
9	A	0.5
10	U	0
11	C	0
12	C	0
13	C	0
14	C	0
15	G	0
16	G	0
17	G	0
18	C	0
19	U	1
20	C	1
21	A	0.5
22	A	1
23	C	0
24	C	0
25	U	0
26	G	0
27	G	0
28	G	0
29	A	1
30	A	0.5
31	C	0.5
32	U	1
33	G	1
34	C	0
35	A	0
36	U	0
37	C	0
38	U	0
39	G	0
40	A	0
41	U	0
42	A	0
43	C	0
44	U	0
45	G	0.5
46	G	0
47	C	0
48	A	nan
49	A	0
50	G	0
51	C	0
52	U	0.5
53	U	1
54	G	0
55	A	0
56	G	0
57	U	0
58	C	0
59	U	0
60	C	0
61	G	0
62	U	0
63	A	0
64	G	1
65	A	1
66	G	0.5
67	G	0
68	G	0
69	G	0
70	G	0
71	G	0
72	U	0.5
73	A	0
74	G	1
75	A	0.5
76	A	1
77	U	1
78	U	0
79	C	0
80	C	0
81	A	0
82	G	0
83	G	1
84	U	1
85	G	1
86	U	1
87	A	1
88	G	1
89	C	1
90	G	0.5
91	G	1
92	U	1
93	G	1
94	A	1
95	A	1
96	A	1
97	U	1
98	G	1
99	C	1
100	G	1
101	U	1
102	A	1
103	G	1
104	A	0
105	G	1
106	A	1
107	U	1
108	C	0
109	U	0.5
110	G	0
111	G	0
112	A	0.5
113	G	0
114	G	1
115	A	0.5
116	A	1
117	U	0
118	A	1
119	C	0.5
120	C	0
121	G	0
122	G	0.5
123	U	1
124	G	1
125	G	0
126	C	1
127	G	0.5
128	A	0.5
129	A	0
130	G	0.5
131	G	0
132	C	0
133	G	0
134	G	0
135	C	0
136	C	0
137	C	0
138	C	0
139	C	0
140	U	0
141	G	0
142	G	0
143	A	0
144	C	0
145	G	0
146	A	0
147	A	0.5
148	G	0.5
149	A	1
150	C	0
151	U	0
152	G	0
153	A	0
154	C	0
155	G	0
156	C	0
157	U	0.5
158	C	1
159	A	1
160	G	0.5
161	G	1
162	U	1
163	G	1
164	C	0
165	G	0.5
166	A	0.5
167	A	0.5
168	A	0
169	G	0
170	C	0
171	G	0
172	U	0.5
173	G	0.5
174	G	0
175	G	0
176	G	1
177	A	1
178	G	1
179	C	1
180	A	0
181	A	0.5
182	A	0
183	C	0
184	A	0
185	G	0
186	G	1
187	A	0.5
188	U	1
189	U	1
190	A	1
191	G	1
192	A	1
193	U	1
194	A	1
195	C	0
196	C	0
197	C	0
198	U	0
199	G	1
200	G	1
